{"cameraMode":{"drawMode":0,"name":"Shaded","section":"Shading Mode"},"sceneLighting":false,"audioPlay":false,"sceneViewState":{"m_AlwaysRefresh":false,"showFog":true,"showSkybox":false,"showFlares":true,"showImageEffects":true,"showParticleSystems":true,"showVisualEffectGraphs":true,"m_FxEnabled":true},"in2DMode":false,"pivot":{"x":0.041944295167922977,"y":0.5344808101654053,"z":-0.3455576002597809},"rotation":{"x":-0.11057117581367493,"y":0.718500018119812,"z":-0.11792238801717758,"w":-0.6769117712974548},"size":1.4674339294433594,"orthographic":false}