{"cameraMode":{"drawMode":0,"name":"Shaded","section":"Shading Mode"},"sceneLighting":false,"audioPlay":false,"sceneViewState":{"m_AlwaysRefresh":false,"showFog":true,"showSkybox":false,"showFlares":true,"showImageEffects":true,"showParticleSystems":true,"showVisualEffectGraphs":true,"m_FxEnabled":true},"in2DMode":false,"pivot":{"x":-1.879584789276123,"y":0.7844576835632324,"z":-0.44746410846710207},"rotation":{"x":-0.04584093764424324,"y":0.8227815628051758,"z":-0.06704757362604141,"w":-0.5625333786010742},"size":2.4436872005462648,"orthographic":false}