{"cameraMode":{"drawMode":0,"name":"Shaded","section":"Shading Mode"},"sceneLighting":false,"audioPlay":false,"sceneViewState":{"m_AlwaysRefresh":false,"showFog":true,"showSkybox":false,"showFlares":true,"showImageEffects":true,"showParticleSystems":true,"showVisualEffectGraphs":true,"m_FxEnabled":true},"in2DMode":false,"pivot":{"x":0.2999030351638794,"y":1.1388782262802125,"z":-0.35602253675460818},"rotation":{"x":-0.024084333330392839,"y":0.9425918459892273,"z":-0.0696987733244896,"w":-0.3257071375846863},"size":2.0157957077026369,"orthographic":false}