{"cameraMode":{"drawMode":0,"name":"Shaded","section":"Shading Mode"},"sceneLighting":false,"audioPlay":false,"sceneViewState":{"m_AlwaysRefresh":false,"showFog":true,"showSkybox":false,"showFlares":true,"showImageEffects":true,"showParticleSystems":true,"showVisualEffectGraphs":true,"m_FxEnabled":true},"in2DMode":false,"pivot":{"x":0.0034880575258284809,"y":0.0004906817339360714,"z":0.00139055703766644},"rotation":{"x":-0.1405850648880005,"y":-0.0676015242934227,"z":0.009191391989588738,"w":-0.9879886507987976},"size":0.013745784759521485,"orthographic":false}