{"cameraMode":{"drawMode":0,"name":"Shaded","section":"Shading Mode"},"sceneLighting":false,"audioPlay":false,"sceneViewState":{"m_AlwaysRefresh":false,"showFog":true,"showSkybox":false,"showFlares":true,"showImageEffects":true,"showParticleSystems":true,"showVisualEffectGraphs":true,"m_FxEnabled":true},"in2DMode":false,"pivot":{"x":0.001447916030883789,"y":1.587061882019043,"z":0.02188575267791748},"rotation":{"x":-0.006862126290798187,"y":0.9407533407211304,"z":-0.020190129056572915,"w":-0.33921074867248537},"size":0.5228708982467651,"orthographic":false}