{"cameraMode":{"drawMode":0,"name":"Shaded","section":"Shading Mode"},"sceneLighting":true,"audioPlay":false,"sceneViewState":{"m_AlwaysRefresh":false,"showFog":true,"showSkybox":true,"showFlares":true,"showImageEffects":true,"showParticleSystems":true,"showVisualEffectGraphs":true,"m_FxEnabled":true},"in2DMode":false,"pivot":{"x":-1.9692699909210206,"y":0.6642189025878906,"z":0.2388448715209961},"rotation":{"x":-0.5269843339920044,"y":0.024721115827560426,"z":-0.01533945370465517,"w":-0.8493801355361939},"size":8.897665023803711,"orthographic":false}